{"Sc": {"count": 45, "ratio": [2.2582762689808593, 0.41792375038731255], "difference": [195.01205186843873, 72.19841577169963], "dpp": [0.9225309723754312, 0.09562771420143404, 1.1490540651174692, 0.7119040925860841], "visual": [5.607831838519075, 1.1539661324909887, 43], "xrf": [1.9588287793673003, 0.1649542965317677, 26]}, "Ti": {"count": 320, "ratio": [1.9466647003328899, 0.4130649222786913], "difference": [307.06169715827707, 66.08767494877713], "dpp": [0.9048465212504695, 0.11508902618042241, 1.2512612694659189, 0.6566589405448848], "visual": [7.479712326909594, 2.6396656699879686, 193], "xrf": [2.1336007622310094, 0.5355957289304881, 175]}, "V": {"count": 160, "ratio": [2.028665995434923, 0.26028519579343284], "difference": [286.28811520135406, 80.3799009604013], "dpp": [0.8295324928687557, 0.15612591897492606, 1.1265347060167565, 0.6087592536548398], "visual": [6.916119708310838, 2.1726169598607172, 149], "xrf": [2.1249212217330933, 0.5480845879065351, 100]}, "Cr": {"count": 463, "ratio": [1.7679476038462056, 0.4798085523754202], "difference": [302.7068773095191, 91.58899160305845], "dpp": [0.906608587058193, 0.21222254129355161, 4.342406385881114, 0.6455128631591797], "visual": [11.04577575461351, 4.846934851343235, 339], "xrf": [2.9259305412664354, 1.2412816400143885, 318]}, "Mn": {"count": 382, "ratio": [1.9782611312285456, 0.2176365971266633], "difference": [241.41429043256895, 70.29787568150938], "dpp": [0.9724618936683703, 0.14138018463696403, 1.336194962431482, 0.6486258169071533], "visual": [8.717754237029864, 3.4762125035007125, 92], "xrf": [2.3988046507904497, 1.0034054864558883, 69]}, "Fe": {"count": 839, "ratio": [2.1673057796793365, 0.4981281681739203], "difference": [284.6523782523227, 80.94716862337503], "dpp": [0.8230016681402778, 0.11451854755269657, 1.1704637546165315, 0.5351095423102379], "visual": [7.2719671578215275, 2.3696648667629368, 596], "xrf": [2.002773922759217, 0.4920297697827052, 462]}, "Co": {"count": 775, "ratio": [2.2046924196624365, 0.5027492778228989], "difference": [305.5359780811802, 86.00936048267037], "dpp": [0.8978982271332575, 0.13636437697180884, 1.2715713346884148, 0.536073429107666], "visual": [8.398764491081238, 3.797178154180183, 332], "xrf": [1.9883814821339616, 0.15403254943716868, 198]}, "Ni": {"count": 689, "ratio": [1.9586064082723849, 0.3433924203201858], "difference": [290.0362775993347, 81.54335148840403], "dpp": [0.9158528155992768, 0.16148809957973348, 1.517337964681998, 0.5142257442474365], "visual": [10.057808586048855, 4.753844067642743, 319], "xrf": [2.8744272040569876, 1.1630659517760467, 254]}, "Cu": {"count": 691, "ratio": [2.0042906165144987, 0.42131663355825116], "difference": [294.98337367495304, 79.67983762173182], "dpp": [0.8978502920526199, 0.1681210969836825, 1.2715789779939681, 0.5325388982892036], "visual": [6.853142471121462, 1.6658507734193821, 298], "xrf": [1.994986758512609, 0.2461908918025479, 238]}, "Zn": {"count": 189, "ratio": [2.3249136912443613, 0.3039008173674117], "difference": [307.38558277503523, 144.5854091200332], "dpp": [0.9191440969296284, 0.4332772157365438, 2.903911357010897, 0.5212027490139007], "visual": [11.796371824601117, 5.196300812538494, 102], "xrf": [2.3052420436211354, 0.912038969021864, 53]}, "Ga": {"count": 0, "ratio": [2.4398572704693886, 0.0], "difference": [297.3305263519287, 0.0], "dpp": [0.7199286352346942, 0.0, 0.7199286352346942, 0.7199286352346942], "visual": [NaN, NaN, 0], "xrf": [NaN, NaN, 0]}, "Ge": {"count": 26, "ratio": [1.7915568297638624, 0.2656016009952627], "difference": [309.1463684393809, 52.083988848585655], "dpp": [0.7016628704195107, 0.047369523783931076, 0.9296374557582476, 0.6741865464688315], "visual": [16.302970482752873, 2.301443169263628, 26], "xrf": [2.0255753993988037, 0.0, 1]}, "As": {"count": 88, "ratio": [2.1954872008307245, 0.14572356189938493], "difference": [273.7665689902359, 33.370695674959144], "dpp": [1.195487200830725, 0.14572356189938493, 1.8751349376278674, 0.9044915109742677], "visual": [5.501235756007108, 0.5244112601901519, 88], "xrf": [2.0516718382185157, 0.15257851792205884, 88]}, "Se": {}, "Br": {}, "Kr": {"count": 20, "ratio": [1.4260421441660989, 0.007584452492203766], "difference": [283.74406801462175, 5.051245359807692], "dpp": [0.8520842883321974, 0.015168904984407478, 0.8809828443212194, 0.8172813607407762], "visual": [NaN, NaN, 0], "xrf": [NaN, NaN, 0]}, "Rb": {"count": 75, "ratio": [2.087790980039579, 0.2823322928112739], "difference": [279.491788632075, 32.4221756619929], "dpp": [0.8539717797330504, 0.10430371261890546, 1.0077943728745349, 0.6129126519513276], "visual": [NaN, NaN, 0], "xrf": [NaN, NaN, 0]}, "Sr": {"count": 92, "ratio": [1.9240505721281012, 0.357517214695399], "difference": [293.97465624570845, 44.789989452472206], "dpp": [0.9073742502562814, 0.1267339337414883, 1.1023567760344146, 0.5862813111176625], "visual": [5.608616219626533, 0.6039962023477404, 18], "xrf": [2.0247981548309326, 0.12163050535533573, 16]}, "Y": {"count": 87, "ratio": [2.023822084496819, 0.3233767734477628], "difference": [197.48117707241542, 77.99709286439835], "dpp": [0.8099294402953331, 0.2217361376680852, 1.815130341494525, 0.5102064228057861], "visual": [6.6118513222398425, 0.5567098395826093, 87], "xrf": [1.8432166278362274, 0.09120571164125875, 72]}, "Zr": {"count": 260, "ratio": [2.0580376108217004, 0.5675504404202526], "difference": [267.36646382603277, 96.05386856905596], "dpp": [0.7649867259902043, 0.13316011238112088, 1.011553431416417, 0.510668471455574], "visual": [7.634628872755097, 1.4441023436550906, 205], "xrf": [2.0207576332865536, 0.19306394397280915, 148]}, "Nb": {"count": 182, "ratio": [2.1732882236447826, 0.2950707045522329], "difference": [207.09505582028694, 81.22938733091398], "dpp": [0.7369650462135615, 0.13242558628219236, 1.1793297538183685, 0.5149260749816894], "visual": [7.0454619330400865, 1.6589069731422943, 179], "xrf": [2.001006353469122, 0.18440259886366736, 63]}, "Mo": {"count": 188, "ratio": [1.8827382146826699, 0.2751549677827645], "difference": [320.1484541796115, 94.9541309195914], "dpp": [0.9031164811147472, 0.16467282598446795, 1.7981661847143462, 0.39029228326046106], "visual": [9.520225297487698, 4.977357728983759, 65], "xrf": [2.4957398072532984, 1.6430256288481901, 46]}, "Tc": {"count": 169, "ratio": [1.9547018024880058, 0.10417315844427337], "difference": [289.67281569531684, 29.447508874620134], "dpp": [0.9434418213646592, 0.1031434361462735, 1.367302675652348, 0.567132705950555], "visual": [6.858500900722685, 0.2356440165613745, 21], "xrf": [1.848344874382019, 0.03681005155210577, 20]}, "Ru": {"count": 109, "ratio": [2.0045866458105084, 0.10277397290016893], "difference": [344.51840494532104, 17.58394286606447], "dpp": [0.9957179333679799, 0.05082064412157362, 1.0723330712731862, 0.7158734302300249], "visual": [NaN, NaN, 0], "xrf": [NaN, NaN, 0]}, "Rh": {}, "Te": {"count": 1, "ratio": [1.8727886719618014, 0.0], "difference": [145.75570821762085, 0.0], "dpp": [0.8727886719618015, 0.0, 0.8727886719618015, 0.8727886719618015], "visual": [16.455261945724487, 0.0, 1], "xrf": [5.111543655395508, 0.0, 1]}, "I": {}, "Xe": {}, "Cs": {}, "Ba": {"count": 15, "ratio": [2.4636513189312494, 0.4539694954105041], "difference": [248.94229464530946, 19.189096928543698], "dpp": [0.913618539080908, 0.019736591534481204, 0.9547648420295562, 0.8852169571651353], "visual": [NaN, NaN, 0], "xrf": [NaN, NaN, 0]}, "La": {"count": 80, "ratio": [1.795726900231584, 0.43516580996617166], "difference": [227.48735979551154, 55.819367733965336], "dpp": [0.8713204576786292, 0.11918410714464855, 1.0721372165302239, 0.6566551263267929], "visual": [6.76101239385276, 1.4295900629458609, 58], "xrf": [2.031110819648294, 0.1790589385582739, 34]}, "Ce": {"count": 147, "ratio": [2.0661447479606054, 0.2615766697468926], "difference": [282.7229415286966, 24.838222131872087], "dpp": [0.9261003252490481, 0.07085830534285067, 1.0461121132664948, 0.6823878428515266],