{"Ti": {"count": 1219, "ratio": [1.72451468257073, 0.20527140172458389], "difference": [274.5750970116006, 34.05567517775568], "dpp": [0.7182857602340618, 0.04471707044934725]}, "V": {"count": 354, "ratio": [2.1533863236294364, 0.42981159744526026], "difference": [276.1513198957605, 19.023995034018146], "dpp": [0.7341313365840146, 0.010942255705229186]}, "Cr": {"count": 615, "ratio": [1.9528917227609202, 0.49451052474965773], "difference": [270.4404253220287, 91.0160807231969], "dpp": [0.734864976851382, 0.2259778294188839]}, "Mn": {"count": 1535, "ratio": [2.0360493418467165, 0.3914516810046897], "difference": [254.16937829248133, 54.10135780421168], "dpp": [0.7391784100477913, 0.02916566394335552]}, "Fe": {"count": 1754, "ratio": [2.0042051305290554, 0.46861550171122257], "difference": [283.5485967954942, 83.27670795632449], "dpp": [0.7146838729070741, 0.12819430281607166]}, "Co": {"count": 636, "ratio": [2.320780079202225, 0.33437567695625803], "difference": [251.09778614726457, 39.386071554136805], "dpp": [0.7088079092920043, 0.0910677093246164]}, "Ni": {"count": 492, "ratio": [2.264754598527471, 0.32450565621599675], "difference": [275.8068845489161, 18.351084005245703], "dpp": [0.7043500181602323, 0.04099279172201666]}, "Cu": {"count": 545, "ratio": [1.7576217501113502, 0.3577432077618497], "difference": [270.3247183448022, 62.27266382959704], "dpp": [0.7325926984182617, 0.04709667221864807]}, "Zn": {"count": 130, "ratio": [2.1615455793267606, 0.36658824947937774], "difference": [260.83636120722844, 29.032493699340307], "dpp": [0.711148029475543, 0.04151676636071754]}, "Ga": {"count": 1, "ratio": [1.6635707062816387, 0.0], "difference": [272.72756028175354, 0.0], "dpp": [0.6635707062816388, 0.0]}, "Ge": {"count": 35, "ratio": [1.4505989319018642, 0.19577045954898745], "difference": [190.58362423460827, 134.36444260460928], "dpp": [0.7147469995986154, 0.08419641773984134]}, "As": {"count": 758, "ratio": [1.699410960615486, 0.41634836010403187], "difference": [187.23085922603556, 53.152680470135635], "dpp": [0.7385575448376338, 0.033059019241341865]}, "Se": {"count": 25, "ratio": [1.3905354359080724, 0.22355145396498247], "difference": [242.42634670982363, 48.09877828778208], "dpp": [0.725040367594505, 0.035325053295365436]}, "Br": {"count": 314, "ratio": [1.6840498746975137, 0.11032222200821784], "difference": [158.9435678195346, 44.95839783964782], "dpp": [0.6871032134743552, 0.03523456698953143]}, "Kr": [0, 0, 0], "Rb": [0, 0, 0], "Sr": [0, 0, 0], "Y": {"count": 129, "ratio": [1.8735371791913868, 0.35686381305901754], "difference": [234.22982660005258, 18.39854899687129], "dpp": [0.6625129356196643, 0.03208687827947837]}, "Zr": {"count": 65, "ratio": [2.1204388797163616, 0.40443939119143124], "difference": [244.53361887198227, 13.859831624442927], "dpp": [0.6836194855737183, 0.036309208131812445]}, "Nb": {"count": 466, "ratio": [1.846273261787095, 0.3996812415928962], "difference": [242.68184304877926, 23.60128841617655], "dpp": [0.6599043464423149, 0.028842863901514533]}, "Mo": {"count": 267, "ratio": [1.6858434176619117, 0.31768013676687706], "difference": [206.25957602325897, 41.89509552118043], "dpp": [0.6516403282608693, 0.0347865320843386]}, "Tc": [0, 0, 0], "Ru": [0, 0, 0], "Rh": [0, 0, 0], "Cs": {"count": 12, "ratio": [1.7192724945831472, 0.014905650747974303], "difference": [267.5693679849307, 5.544902078246449], "dpp": [0.719272494583147, 0.014905650747974317]}, "Ba": [0, 0, 0], "La": {"count": 113, "ratio": [1.7507637230893243, 0.030148415903785166], "difference": [185.61920283958975, 16.270004947871495], "dpp": [0.7507637230893244, 0.03014841590378517]}, "Ce": {"count": 576, "ratio": [1.8446651679199018, 0.3244502299332126], "difference": [226.8878259182804, 34.50321629114826], "dpp": [0.7381575031203003, 0.03666247184752693]}, "Pr": {"count": 3, "ratio": [1.7222259336726957, 0.0037334405729651686], "difference": [253.5013027191162, 1.3104376411107521], "dpp": [0.7222259336726958, 0.0037334405729651287]}, "Nd": {"count": 29, "ratio": [1.715521342637839, 0.007694275168738331], "difference": [262.95703536066515, 10.104569053953504], "dpp": [0.7155213426378392, 0.00769427516873834]}, "Pm": [0, 0, 0], "Sm": {"count": 1, "ratio": [1.71410482901114, 0.0], "difference": [250.65079498291016, 0.0], "dpp": [0.71410482901114, 0.0]}, "Eu": {"count": 1, "ratio": [1.7334610128054653, 0.0], "difference": [301.45247626304626, 0.0], "dpp": [0.7334610128054654, 0.0]}, "Gd": {"count": 107, "ratio": [1.9137770710402278, 0.32531741796474445], "difference": [266.31534645044917, 24.36775099850224], "dpp": [0.7489410087756523, 0.023628528378676808]}, "Tb": {"count": 3, "ratio": [1.6992346695159763, 0.007290594137159355], "difference": [287.3854491710663, 2.9964341903724816], "dpp": [0.6992346695159762, 0.007290594137159316]}, "Dy": {"count": 79, "ratio": [1.734937907366096, 0.11400342843566039], "difference": [258.31000181089473, 42.721550036720295], "dpp": [0.722361083295998, 0.022117723004322378]}, "Ho": {"count": 1, "ratio": [2.6249460756343646, 0.0], "difference": [667.8528370857239, 0.0], "dpp": [1.6249460756343648, 0.0]}, "Er": {"count": 1, "ratio": [1.9270641270055098, 0.0], "difference": [381.0233561992645, 0.0], "dpp": [0.9270641270055098, 0.0]}, "Tm": [0, 0, 0], "Yb": {"count": 29, "ratio": [1.7035241908842997, 0.02139817943104569], "difference": [236.18973054557011, 18.69960925381931], "dpp": [0.7035241908842995, 0.02139817943104569]}, "Lu": {"count": 1, "ratio": [1.6666718538660203, 0.0], "difference": [274.0021319389343, 0.0], "dpp": [0.6666718538660202, 0.0]}, "Hf": {"count": 40, "ratio": [1.557670756984781, 0.16743918383082076], "difference": [139.5718106687069, 21.58830141315908], "dpp": [0.7884556308224294, 0.030187755428279013]}, "Ta": {"count": 134, "ratio": [1.6933417475722785, 0.010021543534486463], "difference": [232.05433135424087, 7.318388035062781], "dpp": [0.6933417475722783, 0.010021543534486472]}, "W": {"count": 11, "ratio": [1.7401019350470712, 0.39380591656968383], "difference": [248.28647099841726, 20.775318480570842], "dpp": [0.6866259973840287, 0.023298925683685648]}, "Re": [0, 0, 0], "Os": [0, 0, 0], "Ir": [0, 0, 0], "Pt": {"count": 66, "ratio": [1.8910013947237856, 0.3921908805492283], "difference": [109.24928181099169, 94.94350346946105], "dpp": [0.6804135920942933, 0.03747151222945168]}, "Au": {"count": 1, "ratio": [1.6425542993847182, 0.0], "difference": [264.08981704711914, 0.0], "dpp": [0.6425542993847181, 0.0]}, "Hg": [0, 0, 0], "Tl": [0, 0, 0], "Pb": {"count": 67, "ratio": [1.4145122667545083, 0.21110900144232145], "difference": [197.75138485253746, 17.295889749532535], "dpp": [0.7094388678454955, 0.022066253013337225]}, "Bi": {"count": 2, "ratio": [1.6479293699682194, 0.0020261382244508575], "difference": [266.29897105693817, 0.8327428102493286], "dpp": [0.6479293699682194, 0.002026138224450913]}, "Po": [0, 0, 0], "At": [0, 0, 0], "Rn": [0, 0, 0], "Fr": [0, 0, 0], "Ra": [0, 0, 0], "Ac": [0, 0, 0], "Th": {"count": 2, "ratio": [1.6560714099819063, 0.003524073719108234], "difference": [269.6453495025635, 1.4483942985534668], "dpp": [0.6560714099819063, 0.003524073719108234]}, "Pa": [0, 0, 0], "U": {"count": 43, "ratio": [1.651704367238547, 0.08414885763183723], "difference": [249.08010826554408, 33.57096152727933], "dpp": [0.651704367238547, 0.08414885763183723]}}