{"Sc": {"count": 70, "ratio": [1.8399982747744719, 0.34502759406511885], "difference": [191.32734525371606, 52.38207191701663], "dpp": [0.7502632985396177, 0.10095393758994807, 1.221387532790773, 0.6526364581029218], "visual": [8.31864573614938, 3.104951532315701, 70], "xrf": [2.5415541489919025, 0.9374901434884254, 60]}, "Ti": {"count": 690, "ratio": [1.9174472215260678, 0.3990561139896284], "difference": [255.51247086357967, 52.566730478755716], "dpp": [0.7530025230585542, 0.10301199930825596, 1.2062597160860133, 0.5558402765616609], "visual": [6.697917998221612, 2.4973531981759494, 310], "xrf": [2.0144554168889015, 0.8321563750678374, 264]}, "V": {"count": 232, "ratio": [1.781685946864519, 0.3677875875773841], "difference": [241.3846168706335, 58.99340811758637], "dpp": [0.7601936847075248, 0.05355088652254707, 0.9037695178985595, 0.6047874374025849], "visual": [7.0538208464781444, 2.0958222009572967, 120], "xrf": [1.712607012854682, 0.3996379383807663, 108]}, "Cr": {"count": 503, "ratio": [1.8706257470200114, 0.4499040071468515], "difference": [235.9583533453563, 78.64052377015213], "dpp": [0.7374734324789375, 0.13760703834505342, 1.291864082781303, 0.5364580533214819], "visual": [6.424734209451239, 4.0291968309013315, 503], "xrf": [2.30680285391028, 0.8820105879426046, 471]}, "Mn": {"count": 854, "ratio": [1.8682548943938107, 0.36536192341107016], "difference": [207.31565352193377, 65.21133312445], "dpp": [0.7613062225870638, 0.0792632163352924, 0.986840235625262, 0.5385125743768708], "visual": [7.2106787122977085, 2.5613355791275634, 624], "xrf": [2.019137335684714, 0.871262021016274, 443]}, "Fe": {"count": 1205, "ratio": [1.9133822040378718, 0.42367615191588487], "difference": [262.0248721045562, 52.890775053725015], "dpp": [0.710481987431354, 0.09709174362072388, 1.368904754730527, 0.15175624294135406], "visual": [6.842222763453556, 2.7182608373200026, 939], "xrf": [1.9918264378637276, 0.7256727633812532, 596]}, "Co": {"count": 360, "ratio": [1.9896552037780286, 0.4473649130824297], "difference": [233.87924426401094, 95.91166324186298], "dpp": [0.7522253119004172, 0.13504950754396125, 1.5338420748518873, 0.530448566377163], "visual": [7.910489199168322, 3.8544041602318018, 351], "xrf": [2.4279591776158687, 0.93115482132359, 274]}, "Ni": {"count": 664, "ratio": [1.8588674074175704, 0.33579264587141155], "difference": [251.0561557859685, 48.79072924667456], "dpp": [0.7229777485712212, 0.09647407426947273, 1.1401131952201926, 0.524216687425654], "visual": [7.680220845810544, 2.4795291927694363, 553], "xrf": [1.8137263059616089, 0.41047751178282504, 222]}, "Cu": {"count": 888, "ratio": [2.1454353367130095, 0.46311231247625134], "difference": [253.42161804012562, 64.06737815312681], "dpp": [0.7083755442148788, 0.11712002205119564, 0.997614953740798, 0.48505580030931467], "visual": [7.2970057371744765, 2.8199813725867973, 791], "xrf": [1.953594266609988, 0.6593514963379028, 393]}, "Zn": {"count": 307, "ratio": [2.120110110692163, 0.2837898161196395], "difference": [180.3185309445703, 63.22376135490817], "dpp": [0.6077839734500546, 0.08603543604184573, 0.9778253455805112, 0.3610798969864845], "visual": [4.991194361073959, 1.5408928307166823, 207], "xrf": [1.696348225484129, 0.10083689255593818, 61]}, "Ga": {"count": 1, "ratio": [1.4537243107247684, 0.004579159972503022], "difference": [439.2731914281844, 4.433313727378845], "dpp": [0.7693050637971706, 0.007764122114498895, 0.7770691859116695, 0.7615409416826717], "visual": [8.089907169342041, 0.0, 1], "xrf": [NaN, NaN, 0]}, "Ge": {"count": 241, "ratio": [1.708335573109868, 0.3164593147781254], "difference": [236.25056742203134, 45.920267752557955], "dpp": [0.7067140323944681, 0.06771046041227574, 0.8788135433508679, 0.5299629884607652], "visual": [8.541640390142351, 3.253870583916066, 233], "xrf": [3.20107046895557, 1.260583112996445, 180]}, "As": {"count": 462, "ratio": [1.6198885000002965, 0.1996383032249651], "difference": [160.85645535188925, 44.391653086378724], "dpp": [0.7097548134389141, 0.10446212027972201, 0.9497806921796507, 0.4974899657522314], "visual": [7.089070284662168, 2.5097063622626297, 242], "xrf": [1.939648744970931, 0.6287828815223463, 241]}, "Se": {"count": 18, "ratio": [1.791784083526788, 0.12847293029200457], "difference": [258.407091384185, 47.74442428427139], "dpp": [0.8076489009932232, 0.09830447520611714, 0.9824109537149567, 0.7055955735686558], "visual": [8.542004042201572, 0.6282977038411314, 18], "xrf": [1.7873452831717098, 0.2284032041095082, 17]}, "Br": {"count": 128, "ratio": [1.7395184831014816, 0.24051237012528112], "difference": [239.12326568998395, 76.27547483798519], "dpp": [0.8107637564917725, 0.131774064332945, 1.2297002128046801, 0.601689629880434], "visual": [9.274910287931561, 3.066203445652565, 128], "xrf": [4.067987436833589, 0.4488752560762265, 92]}, "Kr": {}, "Rb": {"count": 10, "ratio": [1.774134483694518, 0.08721280482550144], "difference": [296.8180314627561, 25.746483870291964], "dpp": [0.7741344836945175, 0.0872128048255014, 0.9503909763942832, 0.6362665392078476], "visual": [6.968014478683472, 1.066210174906249, 10], "xrf": [1.7400847011142306, 0.26010820919187216, 9]}, "Sr": {"count": 46, "ratio": [1.8838480725185058, 0.28059770942128215], "difference": [235.30999260253094, 51.02063296279147], "dpp": [0.7137717206724841, 0.10171460756775658, 1.3200735898500078, 0.6414942184733924], "visual": [7.687483901562898, 1.3547958656406087, 46], "xrf": [1.69679017220774, 0.19343094673656075, 31]}, "Y": {"count": 44, "ratio": [2.1515470648495483, 0.3268401249877277], "difference": [237.70265956454807, 48.577275917955355], "dpp": [0.6944973722946133, 0.11322024087874012, 0.9301885391448761, 0.4234509024678207], "visual": [8.940197310664438, 2.4529311671905476, 44], "xrf": [2.909560491298807, 1.419957676147427, 29]}, "Zr": {"count": 342, "ratio": [1.7574429773715259, 0.3487154049959916], "difference": [190.2439303934748, 48.68900599701409], "dpp": [0.6351012352327351, 0.11353708113245761, 1.0008932983174044, 0.329055015898068], "visual": [8.575678320492015, 2.901264798392131, 340], "xrf": [2.5723662639688127, 1.147709177929023, 163]}, "Nb": {"count": 353, "ratio": [1.7659023989993134, 0.2730748245320843], "difference": [200.16526063319307, 69.76599809232674], "dpp": [0.6508863414929037, 0.11225909785876911, 0.8436701374053955, 0.32781721687316895], "visual": [7.941477431441253, 2.9629537135221145, 212], "xrf": [2.4844949015255633, 1.1019091610977372, 145]}, "Mo": {"count": 80, "ratio": [1.756262514627505, 0.22898537993862383], "difference": [193.33136731901286, 79.04975489735382], "dpp": [0.6266359394967661, 0.14270390834968874, 0.779476801082713, 0.3283513412475586], "visual": [6.250497601249001, 2.7535304738332216, 33], "xrf": [1.9953009486198425, 0.6735373014260216, 24]}, "Tc": {"count": 201, "ratio": [2.0634511531492308, 0.3129391465529595], "difference": [214.90484619258655, 52.72430365066735], "dpp": [0.6345603153941423, 0.08728684149218831, 0.8568390374268587, 0.5174718034060705], "visual": [5.558818016479265, 1.6437723107356266, 201], "xrf": [1.7061447861753865, 0.2234575700884989, 81]}, "Ru": {}, "Rh": {}, "Te": {"count": 7, "ratio": [1.828065255990723, 0.14606591581378567], "difference": [212.91109700202944, 12.999343380373745], "dpp": [0.7774000776376611, 0.0292178158162644, 0.8275312464333435, 0.7352879805615429], "visual": [7.8639726638793945, 0.4506792634891381, 7], "xrf": [1.705883264541626, 0.01814698781816641, 4]}, "I": {}, "Xe": {}, "Cs": {"count": 17, "ratio": [1.7297081109400174, 0.04751040834162932], "difference": [240.39640319347382, 42.87988182888047], "dpp": [0.7297081109400172, 0.047510408341629326, 0.7882727905452426, 0.6099118505205426], "visual": [7.016488720388973, 1.8232251136992756, 17], "xrf": [1.6795515418052673, 0.10811676082563529, 16]}, "Ba": {"count": 50, "ratio": [2.069156170078743, 0.5359185655892631], "difference": [207.9455310830883, 10.794549687725377],